INSERT INTO `promos` (`id`, `title`, `description`, `highlight`, `point`, `termcondition`, `detail_termcondition`, `category`, `detail_category`, `contact`, `report`, `banner`, `multiple`, `status`, `min_qty`, `min_transaction`, `start`, `end`, `deleted_at`, `created_at`, `updated_at`) VALUES
(40, 'Program Deltomed Chanel GT No 1', 'Promo Oktober', NULL, NULL, '3', '1', '1', '2', '-', NULL, '/images/promo/banner20211028092750.jpg', '1', '1', 4, 1000000, '2021-10-01', '2021-10-31', NULL, '2021-10-28 02:27:50', '2021-10-28 04:02:16'),
(41, 'Program Deltomed Chanel GT No 4', 'Promo Oktober', NULL, NULL, '2', NULL, '1', '2', '-', NULL, '/images/promo/banner20211028093246.jpg', '1', '1', NULL, 100000, '2021-10-01', '2021-10-31', NULL, '2021-10-28 02:32:46', '2021-10-28 02:32:46'),
(42, 'Program Deltomed Chanel GT No 6', 'Promo Oktober', NULL, NULL, '1', '1', '1', '2', '-', NULL, '/images/promo/banner20211028110159.jpg', '1', '1', 1, NULL, '2021-10-01', '2021-10-31', NULL, '2021-10-28 04:01:59', '2021-10-28 04:26:08'),
(43, 'Program Marguna No 1', 'Promo Oktober', NULL, NULL, '1', '1', '2', NULL, '-', NULL, '/images/promo/banner20211028111218.jpg', '1', '1', 100, NULL, '2021-10-01', '2021-10-31', NULL, '2021-10-28 04:12:18', '2021-10-28 04:12:19');

INSERT INTO `promo_rewards` (`id`, `promo_id`, `reward_disc`, `reward_product_id`, `reward_qty`, `reward_nominal`, `reward_point`, `satuan`, `created_at`, `updated_at`) VALUES
(56, 41, '5', NULL, NULL, NULL, NULL, NULL, '2021-10-28 02:32:46', '2021-10-28 02:32:46'),
(58, 40, '1', NULL, NULL, NULL, NULL, NULL, '2021-10-28 04:02:16', '2021-10-28 04:02:16'),
(59, 43, NULL, 20002, '1', NULL, NULL, 'BOX       ', '2021-10-28 04:12:19', '2021-10-28 04:12:19'),
(68, 42, '17', NULL, NULL, NULL, NULL, NULL, '2021-10-28 04:26:08', '2021-10-28 04:26:08');

INSERT INTO `promo_skus` (`id`, `promo_id`, `product_id`, `min_qty`, `satuan`, `created_at`, `updated_at`) VALUES
(203, 41, 10095, NULL, 'BOTOL     ', '2021-10-28 02:32:46', '2021-10-28 02:32:46'),
(204, 41, 10108, NULL, 'BOTOL     ', '2021-10-28 02:32:46', '2021-10-28 02:32:46'),
(205, 41, 10113, NULL, 'BOTOL     ', '2021-10-28 02:32:46', '2021-10-28 02:32:46'),
(210, 40, 10001, NULL, 'PAK       ', '2021-10-28 04:02:16', '2021-10-28 04:02:16'),
(211, 40, 10002, NULL, '0', '2021-10-28 04:02:16', '2021-10-28 04:02:16'),
(212, 40, 10003, NULL, 'PAK       ', '2021-10-28 04:02:16', '2021-10-28 04:02:16'),
(213, 40, 10004, NULL, 'DUS       ', '2021-10-28 04:02:16', '2021-10-28 04:02:16'),
(214, 40, 10018, NULL, 'SACHET', '2021-10-28 04:02:16', '2021-10-28 04:02:16'),
(215, 40, 10022, NULL, 'DUS       ', '2021-10-28 04:02:16', '2021-10-28 04:02:16'),
(216, 40, 10028, NULL, 'BOTOL     ', '2021-10-28 04:02:16', '2021-10-28 04:02:16'),
(217, 40, 10029, NULL, 'BOTOL     ', '2021-10-28 04:02:16', '2021-10-28 04:02:16'),
(218, 40, 10030, NULL, 'BOTOL     ', '2021-10-28 04:02:16', '2021-10-28 04:02:16'),
(219, 40, 10031, NULL, 'DUS       ', '2021-10-28 04:02:16', '2021-10-28 04:02:16'),
(220, 40, 10041, NULL, 'PAK       ', '2021-10-28 04:02:16', '2021-10-28 04:02:16'),
(221, 40, 10042, NULL, 'DUS       ', '2021-10-28 04:02:16', '2021-10-28 04:02:16'),
(222, 40, 10061, NULL, 'BOTOL     ', '2021-10-28 04:02:16', '2021-10-28 04:02:16'),
(223, 40, 10063, NULL, 'DUS       ', '2021-10-28 04:02:16', '2021-10-28 04:02:16'),
(224, 40, 10065, NULL, 'PAK       ', '2021-10-28 04:02:16', '2021-10-28 04:02:16'),
(225, 40, 10066, NULL, 'DUS       ', '2021-10-28 04:02:16', '2021-10-28 04:02:16'),
(226, 40, 10074, NULL, '0', '2021-10-28 04:02:16', '2021-10-28 04:02:16'),
(227, 40, 10075, NULL, 'DUS       ', '2021-10-28 04:02:16', '2021-10-28 04:02:16'),
(228, 40, 10077, NULL, 'DUS       ', '2021-10-28 04:02:16', '2021-10-28 04:02:16'),
(229, 40, 10082, NULL, 'BLISTER', '2021-10-28 04:02:16', '2021-10-28 04:02:16'),
(230, 40, 10083, NULL, 'BLISTER', '2021-10-28 04:02:16', '2021-10-28 04:02:16'),
(231, 40, 10084, NULL, 'BOTOL     ', '2021-10-28 04:02:16', '2021-10-28 04:02:16'),
(232, 40, 10086, NULL, 'DUS       ', '2021-10-28 04:02:16', '2021-10-28 04:02:16'),
(233, 40, 10087, NULL, 'RENCENG   ', '2021-10-28 04:02:16', '2021-10-28 04:02:16'),
(234, 40, 10088, NULL, 'DUS       ', '2021-10-28 04:02:16', '2021-10-28 04:02:16'),
(235, 40, 10099, NULL, 'BOX       ', '2021-10-28 04:02:16', '2021-10-28 04:02:16'),
(236, 40, 10100, NULL, 'BOTOL     ', '2021-10-28 04:02:16', '2021-10-28 04:02:16'),
(237, 40, 10101, NULL, 'BOTOL     ', '2021-10-28 04:02:16', '2021-10-28 04:02:16'),
(238, 40, 10103, NULL, 'RENCENG   ', '2021-10-28 04:02:16', '2021-10-28 04:02:16'),
(239, 40, 10104, NULL, 'RENCENG   ', '2021-10-28 04:02:16', '2021-10-28 04:02:16'),
(240, 40, 10106, NULL, 'DUS       ', '2021-10-28 04:02:16', '2021-10-28 04:02:16'),
(241, 40, 10110, NULL, 'BOX       ', '2021-10-28 04:02:16', '2021-10-28 04:02:16'),
(242, 40, 10111, NULL, 'BOX       ', '2021-10-28 04:02:16', '2021-10-28 04:02:16'),
(243, 40, 10112, NULL, 'BOX       ', '2021-10-28 04:02:16', '2021-10-28 04:02:16'),
(244, 43, 20001, NULL, 'PAK       ', '2021-10-28 04:12:19', '2021-10-28 04:12:19'),
(245, 43, 20002, NULL, 'BOX       ', '2021-10-28 04:12:19', '2021-10-28 04:12:19'),
(246, 43, 20003, NULL, 'DUS       ', '2021-10-28 04:12:19', '2021-10-28 04:12:19'),
(247, 43, 20008, NULL, 'DUS       ', '2021-10-28 04:12:19', '2021-10-28 04:12:19'),
(248, 43, 20009, NULL, 'PAK       ', '2021-10-28 04:12:19', '2021-10-28 04:12:19'),
(249, 43, 20011, NULL, 'DUS       ', '2021-10-28 04:12:19', '2021-10-28 04:12:19'),
(282, 42, 10102, NULL, NULL, '2021-10-28 04:26:08', '2021-10-28 04:26:08'),
(283, 42, 10115, NULL, NULL, '2021-10-28 04:26:08', '2021-10-28 04:26:08'),
(284, 42, 10109, NULL, NULL, '2021-10-28 04:26:08', '2021-10-28 04:26:08'),
(285, 42, 10105, NULL, NULL, '2021-10-28 04:26:08', '2021-10-28 04:26:08');